,number
3206,AS3442
3207,AS3449
4949,AU9162
5369,AZ3768
5960,BF4133
6106,BG1626
6107,BG1627
9028,CF1468
9080,CF1720
12378,CX3634
12433,DA3253
15728,DU4697
15730,DU4699
15741,DU4710
15804,DX2338
15805,DX2339
15914,DZ2186
17466,ER4415
18915,EU3188
19867,FB4858
20917,FG9055
21189,FK0029
22692,FS1382
23413,FS4034
23414,FS4035
24177,FU1391
24244,FU2057
24545,FU3589
24546,FU3590
25188,FZ4907
25301,GB1819
25302,GB1818
25303,GB1820
25336,GB3879
26104,GG1804
26122,GG4259
26123,GG4260
26208,GH1817
26260,GH2909
26514,GK1814
26516,GK1816
26538,GK1988
27183,GN1808
27185,GN1807
27186,GN1809
27188,GN1811
27189,GN1812
27190,GN1813
27415,GR1805
27461,GR3935
28424,GS3501
28426,GS3502
28430,GS3504
28472,GS3875
28475,GS3876
28476,GS3878
28477,GS3881
28478,GS3886
28479,GS3887
29976,GU3883
30602,GX4262
31322,HF3337
31323,HF3343
32719,HN3798
33194,HS0972
34482,HU0545
36870,IF4593
37006,IH1010
37910,IS1039
39296,IU3118
39388,IU3545
39904,JB0490
41053,JH1263
41419,JK4962
41422,JK8179
42274,JR4346
42275,JR4347
45583,JZ2930
46334,KF3788
46933,KH4426
46934,KH4429
55300,LX3054
55301,LX3055
55467,MB1881
56783,MG1931
58847,MS2601
59414,MS8506
59642,MT1315
59731,MU0559
61528,NB4912
62181,NF4124
63918,NS0584
65617,NU1021
67119,NX2296
69219,OS2579
69434,OS3982
70863,OZ3517
70942,PB2453
70943,PB2473
70944,PB2471
70982,PF0093
71628,PG2400
71648,PH0371
71649,PH0470
71699,PH2478
71785,PK0370
71880,PK2687
72077,PM2441
72420,PN2472
73397,PS2477
73919,PS4749
74036,PU0274
74037,PU0275
74038,PU0276
74039,PU0277
74040,PU0278
74041,PU0280
74042,PU0281
74043,PU0282
74044,PU0283
74045,PU0284
74207,PU1176
74510,PU2126
74589,PU2712
76817,QH4399
77109,QK4446
77687,QN2773
78006,QS0173
78513,QS2170
79332,QS9286
79345,QS9298
79978,QU2772
85362,SH3393
87583,SU1610
88514,SV9582
92720,UF1195
93605,UH1080
95831,US8126
98157,VF1499
98158,VF1500
98866,VF9696
98923,VG8535
99300,VK8680
100721,VS1496
102089,VU1682
103084,WA0949
103085,WA0950
103256,WF0223
103263,WF0491
103352,WF1268
103800,WG1286
104763,WR0955
104956,WS0493
105787,WU0261
105788,WU0265
105792,WU0264
106878,XB1390
107526,XF8443
107739,XF9802
108106,XK0801
108245,XK3455
111709,XU8538
112375,YF0117
112801,YG0545
112938,YK0248
112956,YK0361
113387,YN0298
113646,YS0118
113661,YS0252
113663,YS0254
113775,YS1062
115445,YZ0295
119904,ZU1002
